{ "Label": "TV Tower LT", "Latitude": 54.6954971, "Longitude": 25.2171001 }
{ "Label": "TV Tower ES", "Latitude": 59.471099, "Longitude": 24.8872751 }